repo,url,stars_20260929,forks_20260929,license,created,pushed,base_model,layer,local_inference,http_server,calibration_claim
NandhaKishorM/laya,https://github.com/NandhaKishorM/laya,28058,2446,Apache-2.0,2026-09-18,2026-09-27,self-trained ModernBERT-class (~421M),L3,true,false,claimed ECE 0.081 after temperature fitting
browser-use/jev-ultrafast,https://github.com/browser-use/jev-ultrafast,21264,1478,MIT,2026-09-16,2026-09-25,hosted JEV + inception/mercury-2.5,L0,false,false,none claimed
jaredpalmer/kev,https://github.com/jaredpalmer/kev,7749,484,Apache-2.0,2026-09-17,2026-09-29,Qwen3.5-0.8B/4B/9B + LoRA,L2,true,true,explicitly denied
tamaratran/fast-jev-compaction,https://github.com/tamaratran/fast-jev-compaction,7167,454,MIT,2026-09-17,2026-09-18,hosted jev-latest,L0,false,false,explicitly denied
mizorewww/laya-mlx,https://github.com/mizorewww/laya-mlx,6604,518,Apache-2.0,2026-09-19,2026-09-22,Laya (ModernBERT) on MLX,L3,true,false,none claimed
TheoLeeCJ/SemIf-OpenJev,https://github.com/TheoLeeCJ/SemIf-OpenJev,4547,318,MIT,2026-09-16,2026-09-23,Qwen3.5-4B / MiniCPM5-2B / Qwen3-0.6B (frozen),L1,true,true,user-supplied
TianyuCodings/NanoJev,https://github.com/TianyuCodings/NanoJev,2419,248,MIT,2026-09-17,2026-09-21,Qwen3-0.6B + decision heads,L2,true,true,none claimed
typesafe-ai/skills,https://github.com/typesafe-ai/skills,2392,138,MIT,2026-08-24,2026-09-12,official agent skill,L0/tooling,false,false,n/a
yibie/awesome-jev,https://github.com/yibie/awesome-jev,1950,293,NONE,2026-09-17,2026-09-28,-,catalog,false,false,n/a
bespokelabsai/nimble,https://github.com/bespokelabsai/nimble,1897,151,NONE,2026-09-18,2026-09-24,Qwen3.5-9B + LoRA,L2,true,true,none claimed
dzhng/jevgrep,https://github.com/dzhng/jevgrep,1574,102,MIT,2026-09-26,2026-09-29,code search CLI for coding agents,app,false,false,n/a
vinnylarouge/jevlike,https://github.com/vinnylarouge/jevlike,1332,118,MIT,2026-09-16,2026-09-16,byte-encoder from scratch / Qwen2.5-0.5B frozen,L2,true,false,none claimed
ollaya-dev/ollaya,https://github.com/ollaya-dev/ollaya,916,47,Apache-2.0,2026-09-23,2026-09-29,serves Laya/decider/NLI/GLiClass via TypeSafe-compatible API,infra,true,true,n/a
Mapika/decider,https://github.com/Mapika/decider,887,44,Apache-2.0,2026-09-16,2026-09-27,Qwen3.5-2B/0.8B/35B-A3B + vision variant,L2,true,false,calibration-aware RL
wfzyx/von,https://github.com/wfzyx/von,763,57,Apache-2.0,2026-09-18,2026-09-29,ModernBERT-Large 395M,L2,true,true,claimed T=1.1692
logicrw/awesome-jev-projects,https://github.com/logicrw/awesome-jev-projects,612,54,MIT,2026-09-18,2026-09-29,-,catalog,false,false,n/a
kydlikebtc/awesome-jev,https://github.com/kydlikebtc/awesome-jev,582,13,NOASSERTION,2026-09-22,2026-09-28,-,catalog,false,false,n/a
featherless-ai/simple-jev,https://github.com/featherless-ai/simple-jev,567,66,Apache-2.0,2026-09-18,2026-09-28,Qwen3.5-0.8B / Gemma 4 26B-A4B / Laya,L1,true,true,explicitly denied
razorback16/openjev,https://github.com/razorback16/openjev,515,40,Apache-2.0,2026-09-18,2026-09-27,DiffusionGemma 26B-A4B,L1,true,false,none claimed
Liuziyu77/Valen,https://github.com/Liuziyu77/Valen,474,50,Apache-2.0,2026-09-23,2026-09-29,multimodal Jev-like training framework (with vision),L3-framework,true,false,none claimed
ekzhang/openjev-sglang,https://github.com/ekzhang/openjev-sglang,332,43,NONE,2026-09-17,2026-09-25,Qwen3.6-35B-A3B (SGLang),L1,true,true,none claimed
Heman10x-NGU/openJev-verdict-2.0,https://github.com/Heman10x-NGU/openJev-verdict-2.0,291,43,NOASSERTION,2026-09-19,2026-09-20,ModernBERT-base 151M + dual confidence head,L2,true,false,claimed ECE 0.0144
logan-markewich/jeff,https://github.com/logan-markewich/jeff,261,20,MIT,2026-09-19,2026-09-20,GliFormer (GLiNER),L1,true,false,none claimed
APUS-AI-Lab/fast-browser-use,https://github.com/APUS-AI-Lab/fast-browser-use,178,19,MIT,2026-09-19,2026-09-21,Qwen3.5-9B / 35B-A3B,L1,true,true,none claimed
fstandhartinger/jevbench,https://github.com/fstandhartinger/jevbench,175,19,MIT,2026-09-19,2026-09-29,benchmark harness,bench,false,false,n/a
togethercomputer/tev1,https://github.com/togethercomputer/tev1,165,19,MIT,2026-09-23,2026-09-24,Qwen3.5-4B LoRA SFT (returns answer letter; open weights Tev1-4B-experimental),L2,true,false,none claimed
yibie/jev-engineering-zh,https://github.com/yibie/jev-engineering-zh,128,18,NOASSERTION,2026-09-22,2026-09-22,Chinese translation of Jev Engineering,catalog,false,false,n/a
allebee/jevk5,https://github.com/allebee/jevk5,123,11,Apache-2.0,2026-09-22,2026-09-28,open-weight alternative,L3,true,false,none claimed
bnsd55/jevmlx,https://github.com/bnsd55/jevmlx,69,8,MIT,2026-09-17,2026-09-25,Qwen2.5-7B/3B/1.5B-Instruct-4bit (MLX),L1,true,true,explicitly denied
r-ms/mini-jev,https://github.com/r-ms/mini-jev,58,5,MIT,2026-09-17,2026-09-18,Qwen3-4B-Instruct-2507 (frozen),L1,true,true,explicitly denied
ikermoel/open-alternative-jev,https://github.com/ikermoel/open-alternative-jev,57,11,Apache-2.0,2026-09-18,2026-09-25,any open-weights (Qwen3.6-27B / 3.5-4B),L2,true,false,claimed ECE 2.1%
deepanwadhwa/OpenDecision,https://github.com/deepanwadhwa/OpenDecision,57,3,Apache-2.0,2026-09-17,2026-09-25,NLI,L1,true,false,none claimed
rorshopping/jev-on-a-laptop,https://github.com/rorshopping/jev-on-a-laptop,25,1,NOASSERTION,2026-09-16,2026-09-17,Qwen-2.5-1B-RLCD / Qwen2.5-1.5B-4bit,L1,true,false,none claimed
Micha0827/snapjudge,https://github.com/Micha0827/snapjudge,14,0,MIT,2026-09-18,2026-09-21,Qwen + MLX,L1,true,true,none claimed
perixtar/jev-e2e,https://github.com/perixtar/jev-e2e,11,1,MIT,2026-09-18,2026-09-19,hosted typesafe/jev-1.13 via OpenRouter,L0,false,false,none claimed
CoderInPajamas/JEV-MLX,https://github.com/CoderInPajamas/JEV-MLX,4,1,MIT,2026-09-20,2026-09-20,Qwen3.5-9B / Gemma 4 26B-A4B / GLM-4.7-Flash,L1,true,false,explicitly denied
NullPo-jp/PocketJev,https://github.com/NullPo-jp/PocketJev,2,0,MIT,2026-09-17,2026-09-17,Qwen3-VL (MLX Swift/iOS),L1,true,false,none claimed
day253/microjev,https://github.com/day253/microjev,1,0,MIT,2026-09-20,2026-09-21,GPT-2 124M (MLX),L2,true,false,none claimed
